Order,Scenario,n_s_max,Solution,Gap,Time,A_c
7,1,1,5067,0.0,0.08599996566772461,4731
7,1,2,4837,0.0,4.481000185012817,4708
7,2,1,5065,0.0,24.865999937057495,4749
7,2,2,4809,0.0,742.2039999961853,4662
7,3,2,4746,0.0,925,4594
