Settings,Ordine,Area,Gap,Time
Ordine:7Scenario:1 NsMax:1,7,5066.664,0.0,0.05000019073486328
Ordine:7Scenario:1 NsMax:2,7,4836.504,0.0,0.9909999370574951
Ordine:8Scenario:1 NsMax:1,8,1720.128,0.0,0.09399986267089844
Ordine:8Scenario:1 NsMax:2,8,1590.228,0.0,1.3020000457763672
